Compound.Name	DTXSID	Lab.Compound.Name	Clint.1.Med	Clint.1.Low	Clint.1.High	Clint.10.Med	Clint.10.Low	Clint.10.High	Clint.pValue.Med	Clint.pValue.Low	Clint.pValue.High	Sat.pValue.Med	Sat.pValue.Low	Sat.pValue.High
Phenacetin	DTXSID1021116	Phenacetin	902	0	1190	NA	NA	NA	0.1169	0.1169	0.1169	0.49922	0.49922	0.49922
propranolol	DTXSID6023525	propranolol	534	374	678	NA	NA	NA	0.00512	0.00512	0.00512	0.49832	0.49832	0.49832
TFMFPA	DTXSID80380256	TFMFPA	0	0	0	NA	NA	NA	0.99998	0.99998	0.99998	0.49762	0.49762	0.49762
NaPFOA	DTXSID40880025	NaPFOA	0	0	0	NA	NA	NA	0.99992	0.99992	0.99992	0.50324	0.50324	0.50324
6:2 monoPAP	DTXSID90558000	6:2 monoPAP	0	0	1042	NA	NA	NA	0.68576	0.68576	0.68576	0.49808	0.49808	0.49808
PFPE-5	DTXSID50381073	PFPE-5	0	0	0	NA	NA	NA	1	1	1	0.4999	0.4999	0.4999
11H-PFUnDA	DTXSID5061954	11H-PFUnDA	0	0	0	NA	NA	NA	1	1	1	0.49688	0.49688	0.49688
