Compound.Name	DTXSID	Lab.Compound.Name	Clint.1.Med	Clint.1.Low	Clint.1.High	Clint.10.Med	Clint.10.Low	Clint.10.High	Clint.pValue	Sat.pValue	degrades.pValue
Phenacetin	DTXSID1021116	Phenacetin	8.93333333333333	0	12.4666666666667	NA	NA	NA	0.07274	0.74808	0.99462
propranolol	DTXSID6023525	propranolol	7.83333333333333	4.7	11.3333333333333	NA	NA	NA	0.00026	0.75262	0.99892
TFMFPA	DTXSID80380256	TFMFPA	0	0	0	NA	NA	NA	0.99944	0.74714	0.95006
NaPFOA	DTXSID40880025	NaPFOA	0	0	0	NA	NA	NA	0.99864	0.75142	0.94984
6:2 monoPAP	DTXSID90558000	6:2 monoPAP	0	0	0	NA	NA	NA	0.9937	0.75148	0.95042
PFPE-5	DTXSID50381073	PFPE-5	0	0	0	NA	NA	NA	0.99852	0.74796	0.94894
11H-PFUnDA	DTXSID5061954	11H-PFUnDA	0	0	0	NA	NA	NA	0.9989	0.75238	0.951
