Compound.Name	Lab.Compound.Name	DTXSID	Fup.point	Fup.Med	Fup.Low	Fup.High
3:3 Fluorotelomer carboxylic acid	3:3 Fluorotelomer carboxylic acid	DTXSID00379268	0.0164735916294952	1.69955e-06	2.03010075e-10	0.0127619225
Perfluoropentanoic acid	Perfluoropentanoic acid	DTXSID6062599	0.0452876221133375	1.961785e-05	2.12959425e-10	0.0540368575
Perfluorobutanesulfonic acid	Perfluorobutanesulfonic acid	DTXSID5030030	0.0112546821262894	3.893465e-06	2.07664325e-10	0.012905775
Perfluorooctanoic acid	Perfluorooctanoic acid	DTXSID8031865	0.00424595138035662	5.957015e-07	1.61093575e-10	0.00183017499999999
