Compound	DTXSID	Lab.Compound.Name	Fup.Med	Fup.Low	Fup.High	Fup.point
DTXSID60380390	DTXSID60380390	DTXSID60380390	0.00327	0.00193	0.0055	0.00523
DTXSID90315130	DTXSID90315130	DTXSID90315130	0.0124	1.08e-13	0.0275	0.0248
