Compound	DTXSID	Lab.Compound.Name	Fup.Med	Fup.Low	Fup.High	Fup.point
1,6-Dibromododecafluorohexane	DTXSID20335129	30503	1.26e-15	1.01e-15	3.35e-15	0
1H,1H,5H-Perfluoropentyl methacrylate	DTXSID90880131	30507	0.00164	0.00106	0.00303	0.249
Perfluoro-1,4-diiodobutane	DTXSID30190948	30516	0.000597	0.000407	0.00102	0.00533
1,6-Diiodoperfluorohexane	DTXSID90190949	30501	0.171	0.117	0.261	0.267
1H,1H-Perfluoroheptylamine	DTXSID10379835	30505	0.0137	0.00787	0.0386	0.121
