Compound	DTXSID	Lab.Compound.Name	Fup.Med	Fup.Low	Fup.High	Fup.point
DTXSID4059833	DTXSID4059833	DTXSID4059833	1.69e-08	2.39e-15	0.181	0.37
DTXSID3037707	DTXSID3037707	DTXSID3037707	0.00451	0.00276	0.00733	0.00531
DTXSID1037303	DTXSID1037303	DTXSID1037303	0.000324	0.000184	0.00054	0.000536
DTXSID3031860	DTXSID3031860	DTXSID3031860	0.00252	0.00155	0.00407	0.00307
DXTSID80108992	DXTSID80108992	DXTSID80108992	0.00204	2.05e-14	0.00618	0.00656
DTXSID50375114	DTXSID50375114	DTXSID50375114	0.00202	0.00111	0.00365	0.00224
DTXSID90868151	DTXSID90868151	DTXSID90868151	0.0464	0.0255	0.0882	0.0527
DTXSID3059921	DTXSID3059921	DTXSID3059921	0.018	9.79e-14	0.0438	0.0279
DTXSID3020209	DTXSID3020209	DTXSID3020209	0.0228	7.27e-14	0.0271	0.0232
